ID,Score
1,0.0033605151715532674
2,0.0004138027419152074
3,0.0006220436995656709
4,0.013694583184856425
5,0.0018731292858917671
6,0.8508742918609566
7,0.0006124568135257982
8,0.006626273318117177
9,0.0027707782654600925
10,0.07782472220468253
11,0.00039477768488859475
12,0.0006793976465181765
13,0.0006431679145502597
14,0.007751867699740972
15,0.0013897063313463613
16,0.0017763779276443073
17,0.005969113712627951
18,0.005314137463651561
19,0.0003619998668051446
20,0.0006283288966539813
21,0.0004568275971565244
22,0.00033315497049523696
23,0.000492451229028133
24,0.00313613866002997
25,0.0014040719332535387
26,0.0003316940881931927
27,0.006000907750175444
28,0.0005971519189593882
29,0.0028389225383819955
30,0.0006800397660765202
31,0.000748621966796726
32,0.0007885681389984944
33,0.004350416718459006
34,0.001936975128859182
35,0.0017150745851424684
36,0.005679661652405525
37,0.0008994209661499568
38,0.4780653994096953
39,0.0017058652748365801
40,0.000326873116423958
41,0.004932351418483653
42,0.0025186084291922563
43,0.0003828023004350583
44,0.003009761806068197
45,0.0023929621522798066
46,0.0002984205463800609
47,0.005547052935664573
48,0.008063814513131226
49,0.0007801823989019058
50,0.007890461509103403
51,0.0004093553069318252
52,0.0013657479500854437
53,0.0069612857763805235
54,0.9854841402579289
55,0.0004852750681879673
56,0.01146322741012653
57,0.5167542320181688
58,0.00047571010747147867
59,0.004601380629378349
60,0.030250374918052124
61,0.0002808886294910003
62,0.007678009364113998
63,0.0006509664234638057
64,0.031060867177685116
65,0.0002781709290956871
66,0.02239893447448899
67,0.0016894445597793488
68,0.08905474548256873
69,0.000278765605428465
70,0.002210560767397492
71,0.056819645973289395
72,0.0005488814498124977
73,0.0012013659369017008
74,0.003050815393676489
75,0.0011364673845386222
76,0.000370976264164341
77,0.006818542325716134
78,0.0004756116234078371
79,0.0003851408018453663
80,0.0005829437757182461
81,0.0004735701139213372
82,0.0020612074091864007
83,0.0011024939577161466
84,0.0005597933912885052
85,0.0020393596478429387
86,0.0005634622491065089
87,0.0019185505331819476
88,0.14819163798228957
89,0.0008440411460808344
90,0.0006174999071960776
91,0.0007569845263774996
92,0.817719785828381
93,0.05069081000695938
94,0.00032486145483305237
95,0.00440759688937553
96,0.0005466690577528086
97,0.0004384964953036521
98,0.4332916119913563
99,0.000629413136024082
100,0.00039316049278090916
101,0.0011770439475048973
102,0.0008780880918975104
103,0.11849257143576815
104,0.06740893430039964
105,0.00030036101844211304
106,0.000339242097580111
107,0.0007624854248210256
108,0.000610617187710503
109,0.00139514228491699
110,0.0007056718473200474
111,0.001384344761845487
112,0.0003263498865190184
113,0.0015656336628626167
114,0.000464547193783461
115,0.0006890862847592875
116,0.0009119047273811554
117,0.36476393517637457
118,0.0005308209565057642
119,0.0003409580144921837
120,0.00042197284884890355
121,0.00039794801625154
122,0.0023748646513354556
123,0.0007082796560544621
124,0.0009554157032266771
125,0.0008316447308902977
126,0.0005473674883331938
127,0.5464685164690416
128,0.00032397609639360216
129,0.003615531411429082
130,0.0005632275889318382
131,0.015986532480964218
132,0.0007327705350268166
133,0.0006162069530056242
134,0.0004105481327060865
135,0.0011348504567353771
136,0.05899796094168988
137,0.0018818566203041695
138,0.0007440693947139065
139,0.00034222083099951607
140,0.0004383702481513525
141,0.0005994987758055292
142,0.0004779142769010412
143,0.006320273005823108
144,0.8115984705588217
145,0.011437882099234778
146,0.0014604499886508074
147,0.00035591322653753723
148,0.0003039814369849724
149,0.007663670807187928
150,0.004422342715501423
151,0.004401348321140643
152,0.584658336017862
153,0.002260333132647092
154,0.00039304092538416333
155,0.0005001236058312858
156,0.008392047368482428
157,0.00192110450789938
158,0.11603593609475009
159,0.00026623429297764145
160,0.04192259148919857
161,0.0007368404648464728
162,0.05040545197134821
163,0.0009287169069583949
164,0.0018528124419746603
165,0.0006287639017007877
166,0.000653175633078376
167,0.0004182201919106382
168,0.005266326126664987
169,0.0024484499407165907
170,0.0004264260522640448
171,0.0003933952570270193
172,0.000335455672069847
173,0.004171406040092466
174,0.000418162422404404
175,0.0018163958273718186
176,0.0015928065100125294
177,0.0009187469319336411
178,0.900010290381628
179,0.941833597861075
180,0.00040412483840176783
181,0.021308872289376665
182,0.0003462881886632684
183,0.004729162360330947
184,0.34779300307010047
185,0.0003972362060236122
186,0.0023178759075720852
187,0.0010972397310944615
188,0.009436242413769738
189,0.0011260762295743415
190,0.001088759043125766
191,0.003056714683310101
192,0.0007393982657947436
193,0.0012872037497296874
194,0.004509179224425985
195,0.00045245041101313164
196,0.0005095490493733652
197,0.0048637623192168255
198,0.03323321442695396
199,0.0021608289492804278
200,0.008916305400997122
201,0.00034658257138617813
202,0.003768478715553121
203,0.00033040210587950773
204,0.0004331965513065428
205,0.00033658231765516653
206,0.2715706504525209
207,0.003664340143857638
208,0.09280207671246841
209,0.0004568991826447102
210,0.00033149816548007745
211,0.000593531956828743
212,0.0006230961964919168
213,0.0006224977836959359
214,0.0006265555576610847
215,0.00074067460253938
216,0.0018343625041312764
217,0.7003100000605915
218,0.00520846164629483
219,0.0005502191431324998
220,0.036112845836044696
221,0.0017728645518764665
222,0.058212765174207516
223,0.0028487935218688477
224,0.001670730191083399
225,0.0004459936262802548
226,0.7485840550750708
227,0.010888946383303122
228,0.23239665190621203
229,0.0007682987923998822
230,0.0011304961741944433
231,0.9783472437226061
232,0.0009583363701751298
233,0.006225788618252396
234,0.0004195973305366535
235,0.00045194249820833916
236,0.00044542710270852227
237,0.0010230432347363124
238,0.022159941734790307
239,0.0015888785820007173
240,0.001429232761981785
241,0.0005019341645071055
242,0.0005888427247498265
243,0.003446969900997586
244,0.0024214525454728944
245,0.009889741147535878
246,0.0005973469852695568
247,0.00028684257002977066
248,0.0012653399287388314
249,0.00559044717642815
250,0.000604621497968301
251,0.00045691653132825166
252,0.0014570665382923462
253,0.00038938930862302245
254,0.01472493339377884
255,0.0012124189987821339
256,0.0034881769393913225
257,0.002116680399137772
258,0.00030685332519084414
259,0.0005325165313098275
260,0.0041967254090078425
261,0.0062938938550581285
262,0.0072608257224707
263,0.0019794769909746235
264,0.013923333161905705
265,0.0004020284800130486
266,0.0037239680609278715
267,0.001040942130792256
268,0.01807665978310767
269,0.0011100903289224858
270,0.0004220323484987084
271,0.0073285484014542854
272,0.003020298047680236
273,0.00028534751567084563
274,0.024681978419497475
275,0.0005932009231962991
276,0.00037332658541823456
277,0.0013656916544397826
278,0.0005731609218979581
279,0.7666403283368479
280,0.0014850474123075858
281,0.0020987845070164035
282,0.00040737642203983704
283,0.0005697789629638734
284,0.0006746452728377113
285,0.0003413167450456211
286,0.0010626185909888947
287,0.0008277779435153419
288,0.0004887615348795573
289,0.0010534611964416872
290,0.00030900349141763057
291,0.0014405852386516933
292,0.005245726253396494
293,0.9847199536011786
294,0.0005203366101263634
295,0.005050529068145078
296,0.014449234988096162
297,0.0059605451667403535
298,0.004533111559479283
299,0.00047435412862959105
300,0.05975742430032395
301,0.000480097735307514
302,0.9721642402796564
303,0.0005908573153663983
304,0.0034294188121230065
305,0.0004066055080679906
306,0.0011003599582000015
307,0.0005996631404215458
308,0.0006386098185194579
309,0.3091275459772751
310,0.0017836788408911717
311,0.003874282551057045
312,0.0006889432075880517
313,0.0028168771738785324
314,0.00027825927900337205
315,0.003949686217499353
316,0.0003802294343410928
317,0.0010826838240142343
318,0.0074723894401529
319,0.0014302262801749641
320,0.0008790968438416396
321,0.0003133079647506939
322,0.0023187870549007533
323,0.0005199212875921701
324,0.0009579873335579111
325,0.8330050699380446
326,0.0016775989059683544
327,0.0013333333206151652
328,0.0028004038722403033
329,0.0009282641533692548
330,0.006243302182795674
331,0.8687684573524947
332,0.0007407532696681053
333,0.0009472686038023943
334,0.0626774223528633
335,0.004350716801389477
336,0.004304142537718322
337,0.004149295338140015
338,0.0006925162085242212
339,0.02044956871520329
340,0.0004243044860992044
341,0.0007323534653731976
342,0.0006230192196415057
343,0.0009043753483726354
344,0.008621483594302594
345,0.003995429035809499
346,0.0012006828110990573
347,0.00047512258304654694
348,0.1595727603928946
349,0.0033377507167096014
350,0.0007498106273730674
351,0.0003895670256604327
352,0.002371599996104265
353,0.000589150735607854
354,0.1341967222714859
355,0.0013107780167820801
356,0.0023828467139563585
357,0.0007923936910502512
358,0.0009432245944119092
359,0.0005001015228875025
360,0.009559509406994593
361,0.006637779278750823
362,0.000587479404833543
363,0.0003561683611906637
364,0.0005124785707340602
365,0.00032227102937422414
366,0.000668070223977588
367,0.0005561559088137763
368,0.0027199433003804916
369,0.006903928924752199
370,0.026603331312591873
371,0.0005334432944571556
372,0.003874232136789058
373,0.0023110525907947344
374,0.00039341279020006477
375,0.0007401142372363038
376,0.7715533787347106
377,0.0007920149624678591
378,0.0004911466555469655
379,0.05641052150825085
380,0.00040096408880380303
381,0.004190540065842678
382,0.00043703086376129907
383,0.00028010446527396593
384,0.002736162594186236
385,0.3319015152298375
386,0.000609359924360808
387,0.0004013093910038439
388,0.0030402397223904267
389,0.00144129696415478
390,0.0020597387276155986
391,0.6559818122499659
392,0.003145788979068958
393,0.0006282710093636973
394,0.0003444646962748438
395,0.0023602367673861337
396,0.0004899248599157119
397,0.0009808736015832257
398,0.0006522086191815086
399,0.0032243546187752
400,0.0003909575950783048
401,0.0005846467596933444
402,0.0003773273549274359
403,0.0009306171922664888
404,0.000405767071626415
405,0.0010904808376593772
406,0.0025897019124365077
407,0.000420443367904477
408,0.0007448789425180231
409,0.10075190621444648
410,0.0003031019520231215
411,0.004150967743679256
412,0.0038757016422352347
413,0.0015505156610238153
414,0.0006718691208514232
415,0.06790528439704405
416,0.003169962465694824
417,0.0004237665050432288
418,0.0003742716553889121
419,0.005793941482343075
420,0.000293507369939593
421,0.0004245742027019615
422,0.00036831021634798705
423,0.0011604774723455481
424,0.0012456339531847248
425,0.0005392564288311535
426,0.0020541757001658768
427,0.000641456383532623
428,0.0004198228915842913
429,0.0018553072457230865
430,0.0008569054475266701
431,0.000774147068526291
432,0.5956266670103483
433,0.0005762388238947611
434,0.0009406729821720646
435,0.0002833120496378005
436,0.0016930107928113105
437,0.968451074087788
438,0.002925969575360358
439,0.0006621169130161281
440,0.004130442095898739
441,0.001343497750487344
442,0.05078330550928996
443,0.0020437154003750025
444,0.04812952788985131
445,0.0006685895414888412
446,0.02045031730765353
447,0.8181597685067812
448,0.6624538626397127
449,0.0005431184391577131
450,0.002453468311796912
451,0.0018800826423951797
452,0.006890643427492338
453,0.00039008124090378343
454,0.0038489772251935565
455,0.013975274862959113
456,0.0009351717607902489
457,0.0006468919121165851
458,0.0008898044852517771
459,0.00028345276127370565
460,0.0004943607528421064
461,0.0009569825420728055
462,0.0003305934334816391
463,0.0006586626242292889
464,0.000656368178118311
465,0.0005236200109924444
466,0.0009843156649253415
467,0.44882945977447714
468,0.00033365415264554753
469,0.00042275366001875866
470,0.0007513057427810809
471,0.00029824102650304556
472,0.0004957515216365354
473,0.0005666915901294109
474,0.0024679608076845043
475,0.0004468565438636803
476,0.00041776350322777285
477,0.0006069942556841641
478,0.0031958882521460987
479,0.0019307138896140661
480,0.005515083981655684
481,0.001181862922365967
482,0.0014838965897348549
483,0.003752343017220815
484,0.0004299131333558081
485,0.0005386531091829195
486,0.0805895995775973
487,0.0006028516390073399
488,0.0010318982121336835
489,0.0006503019213890038
490,0.0005386279649971167
491,0.02167787524115217
492,0.003463226661913111
493,0.0005500070120556176
494,0.0005079792755092419
495,0.0013147875403955627
496,0.020008204413983745
497,0.0006567461736846159
498,0.00046374335921783215
499,0.0013604131021217318
500,0.8775639865648927
501,0.004830612324053121
502,0.40280903497030435
503,0.0004369488280586822
504,0.0004717851438148574
505,0.0027765066564882286
506,0.0017770339241791873
507,0.00045962025822474524
508,0.01199353831895858
509,0.0006654114598319417
510,0.0030084054678484193
511,0.0013747326562247092
512,0.004193997747400794
513,0.0002618927055380157
514,0.1720955944412874
515,0.0010271841242461186
516,0.0006698499833606993
517,0.37137402082320675
518,0.3595408818245135
519,0.001496207369081596
520,0.0009000678012981466
521,0.000327655645625659
522,0.059424009825505
523,0.00027443800898077674
524,0.00048486066349649867
525,0.0006742356749590097
526,0.0010041506116631757
527,0.010100118121865974
528,0.00045201089498366046
529,0.0009068831904706172
530,0.0004939861181626455
531,0.02830895838212631
532,0.0035231707833102937
533,0.00027497578032541946
534,0.0006364153469572383
535,0.00028583956381619303
536,0.0011044587181802327
537,0.00039693356909146105
538,0.02251557121564714
539,0.005236331561395745
540,0.0007233885355679828
541,0.0003781026112282712
542,0.00036815749774226194
543,0.0006446219186003261
544,0.00029076505863907934
545,0.0002636850877443326
546,0.004419933675938731
547,0.0006676902691823549
548,0.0018687807015237664
549,0.9177722294428413
550,0.07022658325053878
551,0.0016334704556411751
552,0.0003394123917599547
553,0.0004517195311083208
554,0.2591259742408614
555,0.014771744343709444
556,0.0014546114880073825
557,0.0009093166160867168
558,0.0021188388068603143
559,0.01239879094308397
560,0.0009941306196257615
561,0.002541187155024896
562,0.0002709568857212995
563,0.0019191819840150156
564,0.000380482950363935
565,0.00858358984708702
566,0.00030318336638453556
567,0.002054327372625683
568,0.0006051855499828273
569,0.0010632715001895289
570,0.004918680630402377
571,0.01696096107793621
572,0.007342776653417172
573,0.00036412622164547334
574,0.0003065127147301863
575,0.017608789085441882
576,0.12401996963126756
577,0.00041702802992353084
578,0.00027633277208954926
579,0.0006955118846280328
580,0.0009410443654635807
581,0.002048244045535726
582,0.001624340544485279
583,0.06751778686992062
584,0.010209875895682357
585,0.025394166351497216
586,0.006853130914400126
587,0.008994889728686955
588,0.00038753418111054917
589,0.0031463085673802296
590,0.0005930480935764251
591,0.0018267880924043973
592,0.0017727756406890575
593,0.00034537597090980577
594,0.0022644906664803207
595,0.0007311937178650016
596,0.0007452212335866145
597,0.0004727170609964152
598,0.000548542276092983
599,0.00041259525818450777
600,0.00228287924096823
601,0.0004575158194977199
602,0.0010858336158789802
603,0.00031115222051203103
604,0.0030029572558277905
605,0.4258588093846137
606,0.0002664364147904516
607,0.0007865832844885864
608,0.00028174557884624055
609,0.005398771845719388
610,0.0004701560341824175
611,0.5534934613437101
612,0.0010488246660323385
613,0.002070715380833938
614,0.00038175887429042093
615,0.0005145205666098821
616,0.00028429253811877367
617,0.0031586657858920044
618,0.0004106829905671716
619,0.0004141489744142109
620,0.0018635194355501158
621,0.0021368919069002144
622,0.0027816917511985922
623,0.0013250730162166562
624,0.0003708873189353479
625,0.0004522641770011936
626,0.00038783752948160334
627,0.00865783435028751
628,0.0005924073655112425
629,0.0003072911790122895
630,0.0026978554137173046
631,0.0011042635431010432
632,0.000698320942347279
633,0.0017655653599527935
634,0.033631141158935576
635,0.07340581608375521
636,0.000648317206408385
637,0.0003160721214329426
638,0.00041449200921024
639,0.00035439173970649036
640,0.001542675131749078
641,0.00027905862543952276
642,0.00042846026083894677
643,0.007200364006372479
644,0.004282974352874007
645,0.0008688518044585531
646,0.7683862195500485
647,0.0016259700149509324
648,0.00334151665367936
649,0.9320975028599852
650,0.007111152721281882
651,0.0002977251785902806
652,0.013833127176428988
653,0.0003682278183396695
654,0.002185643758057345
655,0.000515562925952328
656,0.0004922408319338137
657,0.008036406411913284
658,0.0040045814441374665
659,0.0004109920396775798
660,0.0019366492540398587
661,0.0006041658725119737
662,0.005398504916532285
663,0.00031827301373620704
664,0.0803613108671964
665,0.0005278051538308442
666,0.0004109698778023824
667,0.00039215158894433946
668,0.0005831297835877125
669,0.0024406346630576193
670,0.00046674331366289317
671,0.0004790555757092139
672,0.00039376327955268985
673,0.00034210439563923944
674,0.0008902884158797359
675,0.02850818742176414
676,0.009110932337670246
677,0.005362552686500564
678,0.0011948132663167044
679,0.13419762683510666
680,0.00045647044415014076
681,0.18756071517611367
682,0.0010174374083083207
683,0.01014203309841147
684,0.005555451585141259
685,0.002091769690646212
686,0.004787177235588149
687,0.0073105280504295695
688,0.0017911277235439465
689,0.0005783163829223958
690,0.00112499817633246
691,0.0005725634596997916
692,0.00254469703044878
693,0.0020478653620599418
694,0.0025226410303474806
695,0.0012231832924607456
696,0.0027122499177727345
697,0.0007912118720150208
698,0.6445774259491913
699,0.01177758304634467
700,0.0016360046936174267
701,0.00046203540189042357
702,0.0009586654895798761
703,0.001860264609766291
704,0.00046081631303092617
705,0.00248031387805606
706,0.00114670622830255
707,0.0006154046577130191
708,0.002560425299632908
709,0.025773969184884227
710,0.0011448596792577317
711,0.001547223503583493
712,0.016686775355021388
713,0.005941588735310495
714,0.00030666306637551895
715,0.0003775849232800697
716,0.01615758080190454
717,0.0038037427541210236
718,0.0004499030510980322
719,0.00044284819947843163
720,0.0006586442348545324
721,0.0017049372321873819
722,0.004485491566989512
723,0.0015403367324838013
724,0.002268596798701089
725,0.04358497970082224
726,0.0004803786272208389
727,0.0014138348041235673
728,0.0005226863896179014
729,0.0008383216289031357
730,0.005962274237529126
731,0.0005125410969039585
732,0.00031691785439803464
733,0.49012631535781165
734,0.0011102783522545486
735,0.004950129466514988
736,0.0011198743561219309
737,0.07108706960983253
738,0.00039242455587846917
739,0.0005689393954652452
740,0.002225837841513327
741,0.00028884327977999155
742,0.0005436154637669649
743,0.003849297099758295
744,0.004304917791083886
745,0.004900459289634132
746,0.017403534044965398
747,0.0026521948324538026
748,0.0006265756077900475
749,0.00048116280198585315
750,0.008654088073758793
751,0.004187165693238193
752,0.0033043079005851675
753,0.006017940804590999
754,0.007819439326121152
755,0.7649104755232591
756,0.004411458142318559
757,0.0003955259607969781
758,0.0017758098978173495
759,0.0011662013506716794
760,0.0043451369147598645
761,0.022752258583880195
762,0.04627240796808627
763,0.7979000190268978
764,0.005493256534544924
765,0.0005369876051174574
766,0.10430081615092739
767,0.0005456426045967166
768,0.0002900064414557236
769,0.0002952299114803871
770,0.0009166595449461298
771,0.0005722335161627015
772,0.06305610507378537
773,0.7678310975419644
774,0.0014364883216170991
775,0.0008118531759947911
776,0.006280081824705121
777,0.004702835582355323
778,0.00044711218325612663
779,0.4749223290154259
780,0.0021863887398961366
781,0.0005656798310401352
782,0.002210615952866061
783,0.00027638728519878246
784,0.004763042054938026
785,0.00060595957598656
786,0.0003281331223215361
787,0.0018873913030313754
788,0.007654845843377364
789,0.00046713368457930687
790,0.0004494793905240669
791,0.0003096086511931882
792,0.003732073724136047
793,0.000528714317509212
794,0.0018979631827692198
795,0.0026087726804308957
796,0.00037485967635206475
797,0.0006637374025551468
798,0.000955067437061503
799,0.0025297820799270857
800,0.000535504485074016
801,0.0013903539645199144
802,0.003176501636220969
803,0.028712989357539784
804,0.6501011696879333
805,0.0007112292908819489
806,0.0006626897646197328
807,0.0006685712665821366
808,0.008930996433574749
809,0.0005967851166846627
810,0.0006334231614923076
811,0.00470283113852711
812,0.00035809713274713385
813,0.0018457223977325467
814,0.0021501682015726067
815,0.0003268175521311293
816,0.004509633948355193
817,0.028536095847788653
818,0.000795283512180041
819,0.0036494145281307892
820,0.000819795159326314
821,0.003738082518649219
822,0.002529496367982779
823,0.000639680121143489
824,0.00031975024881089235
825,0.0010560841290608149
826,0.0005645225328446099
827,0.2882904838896887
828,0.0006762099666371953
829,0.0008271832731276131
830,0.0016204271851934945
831,0.00047995477461638763
832,0.0008122221887304597
833,0.0010220660871948133
834,0.0005957345666152457
835,0.0003443334007215727
836,0.0018148568894512118
837,0.0007769114845932538
838,0.0014856957138625845
839,0.0016387346551310325
840,0.0020237538251205688
841,0.0030854616400860114
842,0.0008777331596558206
843,0.4884909647933242
844,0.0022289048042922585
845,0.0006261301948569845
846,0.00040125062766674916
847,0.0020015507475115405
848,0.002439304056317484
849,0.0019108775812809286
850,0.0012031023071901994
851,0.0005419794015905495
852,0.0031371160720072015
853,0.00055843444653176
854,0.020440629045585378
855,0.00028969897067762987
856,0.00038259033357921284
857,0.0004338267948500096
858,0.006192864136627759
859,0.0003173689517639687
860,0.0016842047847752846
861,0.00033569604896428225
862,0.00046240696646933865
863,0.0013753803953165677
864,0.0020460560017892928
865,0.0005145277861572184
866,0.0007471012470686696
867,0.0007653422277343543
868,0.0008941000676849465
869,0.0009137008714099506
870,0.002570691027704447
871,0.00047594142146385943
872,0.0003247939181461525
873,0.0007728550675800801
874,0.00038927285729330375
875,0.00041861822698369784
876,0.0034428468610198074
877,0.0012085379631207027
878,0.0006261619565737068
879,0.000755655393238082
880,0.0015140952688442759
881,0.00042196963772966325
882,0.0005345220568356127
883,0.9952413810826755
884,0.03928220929443977
885,0.025204383928061583
886,0.164462375955932
887,0.0008614410777290456
888,0.00037445595228795676
889,0.004403155471576595
890,0.021251248914439875
891,0.9338634534520859
892,0.0031838039616966557
893,0.0005730618291298937
894,0.00048176001231169514
895,0.00035727625630123817
896,0.0037847131574428555
897,0.0002890043461810303
898,0.004993813096295539
899,0.00039962133130920963
900,0.001893409567220479
901,0.9573621064727657
902,0.000500958377983454
903,0.0005621757385048029
904,0.24790586537353906
905,0.22035736174592846
906,0.00154886886863244
907,0.0003151845845012157
908,0.001184509767660531
909,0.0003897251443620983
910,0.0008494222911226553
911,0.011811357688255909
912,0.004197682385894601
913,0.006426607285297928
914,0.0015239437181682094
915,0.0027218270168046167
916,0.00047185407936173426
917,0.0006334320226145882
918,0.0008085864233787942
919,0.0011137183786700947
920,0.9191024758480448
921,0.0006182302763482102
922,0.00032743267907189627
923,0.002883348672489406
924,0.001140413167289602
925,0.025264340803338288
926,0.0008162711746325897
927,0.0003236430597300993
928,0.0003024826444159189
929,0.0005357851978511728
930,0.0024077406788042023
931,0.0018397838349688558
932,0.000409071145022801
933,0.04940436623794816
934,0.02408041864188364
935,0.6105171296012336
936,0.0003222735600167321
937,0.00037179556328031
938,0.0005935476489126283
939,0.000321764865472352
940,0.0004108546170033755
941,0.0006717772354266162
942,0.0212854062801123
943,0.09792058454696155
944,0.002888674543496633
945,0.008994955783941093
946,0.001050585466965687
947,0.000668357460533005
948,0.0005590189236921251
949,0.0011976915933467414
950,0.0015584191142612705
951,0.47034243276563675
952,0.0024905621858286766
953,0.0003933724951628404
954,0.009589881353458235
955,0.03722470988036199
956,0.0009165689976481853
957,0.005402564744182899
958,0.0007363328386934604
959,0.0025915113125068224
960,0.01678284693939176
961,0.0017746122293817942
962,0.0011725345571556684
963,0.0005249065819721962
964,0.0007049783197344079
965,0.0005467488540525355
966,0.00343520646201399
967,0.1975366067434729
968,0.019102669122094178
969,0.00037220509148987293
970,0.0003983663031581623
971,0.002789217770118454
972,0.003591509943269865
973,0.00027704753128141447
974,0.000488595866954879
975,0.0011311061270913296
976,0.00031034050305525797
977,0.000421710098881193
978,0.0006584169600679902
979,0.0015745750632260806
980,0.003474007416393416
981,0.0003876053533257947
982,0.001615422813528454
983,0.20879440310439934
984,0.004774453662972177
985,0.0022241120561027755
986,0.0021684821095644697
987,0.0005060743830127487
988,0.00038807940869313846
989,0.0004825621082695009
990,0.004557376527313441
991,0.0028130604489005812
992,0.8049067993072813
993,0.006336467137773854
994,0.0007128359517472504
995,0.000562842739182344
996,0.0016681313737975424
997,0.0011481510562079069
998,0.004498921446987179
999,0.000523051887466718
1000,0.0019163151812196886
1001,0.0005066444365798893
1002,0.006377668581351054
1003,0.0003297531894708944
1004,0.0044478933631443545
1005,0.00052869282820953
1006,0.08814608696178648
1007,0.0003327303062591944
1008,0.001236404027230939
1009,0.00046996981454173076
1010,0.002702432571552757
1011,0.0010148023772752503
1012,0.031028338405682726
1013,0.1414945743644489
1014,0.05896226659640587
1015,0.004346306891646508
1016,0.0015578686752982206
1017,0.017412272097366715
1018,0.0038597498213864636
1019,0.001839700562821676
1020,0.01564611305430491
1021,0.0020590875018780177
1022,0.0005443709017655494
1023,0.0010455164740406956
1024,0.027959655248113346
1025,0.8489633711101867
1026,0.035975627335563774
1027,0.11621821296839123
1028,0.0020687454643904387
1029,0.00040572358669096673
1030,0.0010542894877616752
1031,0.00029431054651952445
1032,0.00048191176635234125
1033,0.003139918772649864
1034,0.002093094690251216
1035,0.0014051344933525218
1036,0.0006304212923452103
1037,0.9494080661163484
1038,0.0019929189164541623
1039,0.0009338323088637204
1040,0.0006291437217385328
1041,0.0004061144153793262
1042,0.0022661006186226753
1043,0.0003641364545117394
1044,0.0030676770187865595
1045,0.06539056925845917
1046,0.00034059128838178016
1047,0.0036937349000718215
1048,0.0011760907307092742
1049,0.0003464060503680595
1050,0.0007522272642289498
1051,0.0008556326263352887
1052,0.105012245165846
1053,0.018265719727915374
1054,0.0020000882388039186
1055,0.0011604663707461746
1056,0.0008322640183340528
1057,0.00030491763214657416
1058,0.0007262754341585203
1059,0.003916174455257911
1060,0.0011818779140591693
1061,0.00044507529563654537
1062,0.00038807343318982007
1063,0.6797543331968232
1064,0.41827270889935525
1065,0.0007538390103626252
1066,0.001932165490133263
1067,0.0029973512670143443
1068,0.00030398660905049614
1069,0.2265773014914262
1070,0.00028984113803345537
1071,0.0018931055086881703
1072,0.03220529649905385
1073,0.00046842955697483764
1074,0.0009265374332907499
1075,0.0006307355690915381
1076,0.0006997509331514508
1077,0.0013617581829912292
1078,0.0006925404331173127
1079,0.012466292595795278
1080,0.00050653978416231
1081,0.00039729277334537194
1082,0.00048783359904408063
1083,0.0005428723141917021
1084,0.0005325605426688163
1085,0.025726004982716294
1086,0.0005397334775684634
1087,0.0006268540254534916
1088,0.0004452385691739702
1089,0.0004246274437510686
1090,0.000997828276950277
1091,0.0004906105196134251
1092,0.004535797715636308
1093,0.00039643581975608603
1094,0.006057569959508001
1095,0.0003771927832794515
1096,0.00480417219001709
1097,0.00045731959734067766
1098,0.00030016412981454606
1099,0.0007298376059478403
1100,0.0025206385055676203
1101,0.0004610749650464786
1102,0.002349954883666963
1103,0.005823287416697027
1104,0.0009503487030997861
1105,0.000365624775511507
1106,0.00032763617729141627
1107,0.0009388562459765797
1108,0.0006180796820713171
1109,0.0004744768757114382
1110,0.0003455864704833088
1111,0.0026841675509319094
1112,0.0005727647305152739
1113,0.0007291003165673048
1114,0.007461830914657508
1115,0.00045591737396601253
1116,0.000730074646701517
1117,0.0016622916102607725
1118,0.0003269279605642474
1119,0.01916881538809923
1120,0.0002769725547726423
1121,0.001082440020293093
1122,0.8980568114320585
1123,0.0017165712261357619
1124,0.00045762342173670447
1125,0.0015949137848327315
1126,0.00032274165371409276
1127,0.0006553525195517575
1128,0.0003653749336146051
1129,0.0003557691849793435
1130,0.0008806557649339973
1131,0.0006815516765604963
1132,0.0004000580852819334
1133,0.0007092059736985019
1134,0.0017749455166966653
1135,0.0012052887976342888
1136,0.00030326348066797055
1137,0.00038971119913434296
1138,0.8727697675335042
1139,0.0005644654732391373
1140,0.9608460069242469
1141,0.0033694666751737374
1142,0.002558524635250782
1143,0.9679639002197631
1144,0.0003594765401015102
1145,0.000604042969378252
1146,0.0014242162674905367
1147,0.0013179954420416893
1148,0.002079679961854689
1149,0.000986832607541482
1150,0.0008218624468536255
1151,0.00525246070262199
1152,0.07784574875612481
1153,0.00038255395987656543
1154,0.004810435456419114
1155,0.0005983356627302334
1156,0.0006599133134144354
1157,0.0005183668249125794
1158,0.0011712299064569234
1159,0.000910634386024939
1160,0.0007471589622254293
1161,0.0009564768313548892
1162,0.00037168747574197966
1163,0.32119588137113686
1164,0.0013585837734146086
1165,0.0005390137839963174
1166,0.004433327960651795
1167,0.01324088467577132
1168,0.0053060963023062535
1169,0.0007424383568638156
1170,0.001683661668398657
1171,0.0006095931478744835
1172,0.0009227684713591662
1173,0.0020305369613499015
1174,0.00031139273450693077
1175,0.00034854365357100557
1176,0.0018638559426048882
1177,0.0004635682502601667
1178,0.0004052472079963068
1179,0.0006847080362987394
1180,0.0006074304868536646
1181,0.32683221079388247
1182,0.0004112236324742835
1183,0.0009391928181792
1184,0.8254350381264863
1185,0.0003881047468940401
1186,0.00033776461747817157
1187,0.00028801287400383933
1188,0.0017499316185257351
1189,0.001909017506221078
1190,0.0006336774671862526
1191,0.003277733758696314
1192,0.0034058277148592223
1193,0.0003209756342709243
1194,0.00048780260226434226
1195,0.00034204188796201995
1196,0.0018096998058168684
1197,0.0002993671054563532
1198,0.00041564978045335806
1199,0.6538220162568835
1200,0.0009374038149489101
1201,0.0004955672794440983
1202,0.00039078995122517627
1203,0.002639265591066253
1204,0.0008004669969167473
1205,0.0003641452182789918
1206,0.0003382952496889376
1207,0.007687687299723002
1208,0.0008133951730793414
1209,0.0016073994644490235
1210,0.652830612305578
1211,0.0018573029333570734
1212,0.001136294265423555
1213,0.019346252336502986
1214,0.000867950292361959
1215,0.7616210050640843
1216,0.0022399454460486166
1217,0.0022194398379104707
1218,0.00045322090859553806
1219,0.4098645279304783
1220,0.0019910310929232614
1221,0.0007712674015494036
1222,0.0007390409652958238
1223,0.0005341635958244035
1224,0.00035595637363589766
1225,0.0006529603629097865
1226,0.001910273641331263
1227,0.001826937293905817
1228,0.009401828510239293
1229,0.0023443312600430312
1230,0.002695557805234386
1231,0.0006866453549198105
1232,0.0017734931497027954
1233,0.001087747528611189
1234,0.0007266013169134838
1235,0.00031655106202397074
1236,0.010368624209598854
1237,0.0008868305413297925
1238,0.0007638005120847131
1239,0.0014567302172984907
1240,0.00027626977107415406
1241,0.0017578851441858636
1242,0.00040101424888748077
1243,0.435675838047725
1244,0.0024067817230364543
1245,0.001953590859851125
1246,0.0014390458264528117
1247,0.0004483223630077742
1248,0.003133186712230544
1249,0.050968083741608036
1250,0.00044841250626392686
1251,0.0003512160102796796
1252,0.15311136234131498
1253,0.00041810915709615087
1254,0.017911227339232092
1255,0.003712975391233985
1256,0.00031635818420755924
1257,0.00048520888852703373
1258,0.0009467044567260505
1259,0.00396397114690154
1260,0.002679061127417353
1261,0.0008802621895118195
1262,0.00315973465475932
1263,0.8628813750210536
1264,0.0004782751097310439
1265,0.02023631709947761
1266,0.0008913951178439255
1267,0.0019481557104197367
1268,0.00040947640046464537
1269,0.0026749343712006556
1270,0.012323514848884165
1271,0.00041606552765450973
1272,0.0005943345058685918
1273,0.013132750035939035
1274,0.0012075389388392364
1275,0.0018826259524848921
1276,0.002214448791601601
1277,0.6020110669740693
1278,0.0005862579842576103
1279,0.001965577375705271
1280,0.0003913744624482531
1281,0.1990333346127779
1282,0.0007707482664284591
1283,0.01807951783540664
1284,0.0011018632224024593
1285,0.11016135661564244
1286,0.056144595132544405
1287,0.000294952528203864
1288,0.00044936784892948877
1289,0.004917742455518943
1290,0.001113400860343635
1291,0.006284490084537725
1292,0.0004304087443344377
1293,0.09080951532410561
1294,0.003927855755677082
1295,0.001239312993958458
1296,0.0006246485517875303
1297,0.0002878762833706327
1298,0.0012157866368599094
1299,0.000559568729667945
1300,0.00041539238117327496
1301,0.0005108414636157245
1302,0.000761485478779184
1303,0.0003858812813939686
1304,0.0018037832411344767
1305,0.011916672644320666
1306,0.016832869183048292
1307,0.0003384331308295882
1308,0.00028663919756353876
1309,0.000292165043661434
1310,0.0012838581761524573
1311,0.0007039712015177808
1312,0.00037864579538698744
1313,0.0004238486116599433
1314,0.8076497872613184
1315,0.001407723232813604
1316,0.0037508702928236264
1317,0.0007480711967771248
1318,0.000575555985451222
1319,0.0003472510000833783
1320,0.09391584078845419
1321,0.9882414170759504
1322,0.0035072707824138267
1323,0.002551493355091558
1324,0.00039799303036635794
1325,0.002831058651945469
1326,0.0005896420897484682
1327,0.00118167689347163
1328,0.00045955419340995817
1329,0.006318217817414644
1330,0.0006873742894224306
1331,0.0067030711448294
1332,0.007622264092678551
1333,0.0006560888235461203
1334,0.0065421468604358775
1335,0.001545813657238444
1336,0.0010758115746587289
1337,0.0004371704913212202
1338,0.00037679575146921837
1339,0.0015873752019721081
1340,0.45621798205189906
1341,0.0013477472884464313
1342,0.8658300225309582
1343,0.0011492421539646153
1344,0.0007102043160011774
1345,0.0005453604337206383
1346,0.0007015455406838404
1347,0.0004616183467747399
1348,0.002533030178217443
1349,0.0027581488485272
1350,0.0002859807937230552
1351,0.16784210182064183
1352,0.0003831643620392112
1353,0.0038104096664990446
1354,0.00031827312788777485
1355,0.0027190165862185753
1356,0.0004716331314990991
1357,0.0009491296835289003
1358,0.0013615267224776537
1359,0.08321491098920518
1360,0.000677600182595941
1361,0.008107124997914314
1362,0.0008529519468827326
1363,0.004572309117368511
1364,0.008941781143456673
1365,0.0008191337923677766
1366,0.0008067823963848256
1367,0.0058877988331309215
1368,0.005669784145055314
1369,0.062159652759569105
1370,0.0029684325489681366
1371,0.4285632606184291
1372,0.3281812723546678
1373,0.00033462042371225364
1374,0.00028392945522297063
1375,0.0020333639934525544
1376,0.9773293444122868
1377,0.0005719481260072806
1378,0.0007658970003105116
1379,0.000506472800621869
1380,0.00030363022850086785
1381,0.0019809668931083262
1382,0.0013457919899304831
1383,0.001107526473964777
1384,0.0012064392079569333
1385,0.002796822515876458
1386,0.0025107566042400376
1387,0.05666772368129168
1388,0.010588303283140154
1389,0.013642853621436477
1390,0.0005183235066448175
1391,0.0028379246317666957
1392,0.6912275415886716
1393,0.0007204515339468633
1394,0.0008301012923765052
1395,0.0006134071200312611
1396,0.0005007691913125253
1397,0.0009240909499062855
1398,0.00038824460526109883
1399,0.00032338803303915163
1400,0.0026986022007793884
1401,0.015446130457128109
1402,0.001292759740227188
1403,0.0008101084109213523
1404,0.0005089791461960071
1405,0.040633496277598595
1406,0.00767858091893648
1407,0.0032362501911773183
1408,0.0005615554605207841
1409,0.004894117940729398
1410,0.0006544195065777372
1411,0.00041448633893478653
1412,0.8573250176521862
1413,0.0030614203255329192
1414,0.0005226254768585853
1415,0.0003092834506039617
1416,0.00043491161363637463
1417,0.00028174037390544436
1418,0.0026590805789715962
1419,0.0004289253104611877
1420,0.0026690006466372532
1421,0.0015361873263001564
1422,0.0003752598824990764
1423,0.006823486906079856
1424,0.0004850602636286975
1425,0.0011969668162076005
1426,0.0072943493288427
1427,0.9766953395964721
1428,0.0026981303719989997
1429,0.0005428652091031626
1430,0.0002754100914213628
1431,0.014517243292710749
1432,0.00033615676040256757
1433,0.0003088716361067982
1434,0.00028550768902424185
1435,0.028361971096406056
1436,0.0031480166456090055
1437,0.000491852763985527
1438,0.0005002772357889201
1439,0.005268519371608023
1440,0.00452117449644374
1441,0.0004178252858275707
1442,0.06265950674060723
1443,0.0003688664774071537
1444,0.0006520634527548382
1445,0.000435672637605483
1446,0.000599325974087399
1447,0.0018447731020900023
1448,0.00039611617136558157
1449,0.0007942764355140713
1450,0.007916659051543078
1451,0.0019305382088039454
1452,0.0017586730786752311
1453,0.01352529120384821
1454,0.000875233828663202
1455,0.0003918039720946125
1456,0.02499341017976877
1457,0.00029709937364909257
1458,0.0010135202418159763
1459,0.0006511626900160721
1460,0.0006452445697596332
1461,0.6446882817540676
1462,0.0067439575865324095
1463,0.006029943518267437
1464,0.010739750180423443
1465,0.003290505391032133
1466,0.009617042399655298
1467,0.2720872594537609
1468,0.0018610157663726148
1469,0.0004895087987268298
1470,0.7679191185685303
1471,0.0016208613320039071
1472,0.00035681533643579076
1473,0.0030391142507262135
1474,0.00038673715572854216
1475,0.004207886914442367
1476,0.0009514658295881569
1477,0.00030048392434895886
1478,0.0003733962866306073
1479,0.02450038727025659
1480,0.0003341539613122567
1481,0.012834413545838683
1482,0.0003289158925773448
1483,0.004651240485916662
1484,0.0007296012805450199
1485,0.00033012872635646365
1486,0.0019971478758993946
1487,0.0014185013256922342
1488,0.0013982501907095655
1489,0.7674847826373009
1490,0.02306650875968183
1491,0.00039852067131866486
1492,0.007758500612858735
1493,0.0011073895783922285
1494,0.00048430638655794483
1495,0.00038220674942228205
1496,0.005123285763460536
1497,0.01429378540015885
1498,0.008445000008839285
1499,0.0005975495502915081
1500,0.0009668520409550752
1501,0.0038619938786555097
1502,0.0014927139961758815
1503,0.002641755477957067
1504,0.0005231806930751173
1505,0.021285298936796603
1506,0.0006033601066665651
1507,0.0006881722039623719
1508,0.6552706138632935
1509,0.0017161381122371452
1510,0.0007242308225169312
1511,0.0006894894144799396
1512,0.00033505508090029987
1513,0.0007569270426833976
1514,0.00043649357363054994
1515,0.00033194304988050464
1516,0.0007434752795692142
1517,0.001166203103221512
1518,0.00034082421142142593
1519,0.0066313126052654735
1520,0.2908025958890514
1521,0.0003870013557260868
1522,0.000521155272385062
1523,0.00039836030153162134
1524,0.005531264839526273
1525,0.00046390217521051453
1526,0.6156801980154122
1527,0.0011428089289883465
1528,0.0008339085074887355
1529,0.003004874165213249
1530,0.003406257470510157
1531,0.0008052340829669841
1532,0.0007733997427787646
1533,0.00034490449531301867
1534,0.00052766348817622
1535,0.00027798499034219546
1536,0.0005950413091789506
1537,0.000758735429425933
1538,0.05120812099286632
1539,0.0004980704667359113
1540,0.00045173217309945777
1541,0.07858454145729984
1542,0.000674797916804325
1543,0.00046596038370355446
1544,0.0010975039044301483
1545,0.0008129063231900403
1546,0.002680938592801807
1547,0.00571294070800297
1548,0.00047829496982800765
1549,0.0004896229831325086
1550,0.00027638348650319363
1551,0.0017462996632442687
1552,0.00503150923893964
1553,0.0006296827732168321
1554,0.0006882390725116671
1555,0.004232609355673894
1556,0.0004443715268434032
1557,0.0028431963948961116
1558,0.0002939605627184791
1559,0.07092429113636557
1560,0.005615061993188437
1561,0.72271491736063
1562,0.003700266062318314
1563,0.0023920011466078213
1564,0.0003677026475911548
1565,0.00040733503154609206
1566,0.9684671173712657
1567,0.0021004567230301675
1568,0.0009074889366874028
1569,0.00903351280561378
1570,0.19237628418781155
1571,0.03929331900329697
1572,0.0025997692627209197
1573,0.0022160603703780648
1574,0.004482273800754067
1575,0.007923753110155668
1576,0.0005227010153241379
1577,0.0008735220747779736
1578,0.3090952643608818
1579,0.0008382158813190434
1580,0.01040377202932712
1581,0.00029775107501333735
1582,0.0008167576962468678
1583,0.008369010746159504
1584,0.0005950193112333051
1585,0.8806754707859363
1586,0.003172645716429918
1587,0.0005728914966352604
1588,0.6974148814361313
1589,0.9033930575011169
1590,0.0006178937784474941
1591,0.0010871273795763322
1592,0.00028475249926726494
1593,0.0005338089236936042
1594,0.0005072737215324138
1595,0.000462062484292071
1596,0.002932194676504654
1597,0.3626291635959547
1598,0.007763310716516063
1599,0.003235039264448554
1600,0.007252969159768283
1601,0.4350172849156753
1602,0.0011440067397923408
1603,0.0009011059031375601
1604,0.0035260687080473953
1605,0.0020111440634772238
1606,0.0005614648612221551
1607,0.00040240480185369133
1608,0.0003854133460186251
1609,0.3376411039809901
1610,0.0026094567230923057
1611,0.0006328406235723654
1612,0.005809255148691295
1613,0.00031307904629509034
1614,0.0006712940471311244
1615,0.001485965436482786
1616,0.0003899042243221001
1617,0.0012723478456975958
1618,0.0007827972133445627
1619,0.21087993649140452
1620,0.0003780184133586301
1621,0.0016435463389497995
1622,0.10279914477357417
1623,0.0005871871475911957
1624,0.0067098874545391965
1625,0.001438070857074005
1626,0.7097405006700699
1627,0.0005834651011058793
1628,0.0008256586358491563
1629,0.006391187387195671
1630,0.04193107675826711
1631,0.0008844112453841097
1632,0.0003495929385779633
1633,0.0006633813735737716
1634,0.000599670931879218
1635,0.0010269845490709572
1636,0.00036530711474559724
1637,0.0003751709176382052
1638,0.01079469657553089
1639,0.000992731221929502
1640,0.00042311203533509424
1641,0.0011712320024118913
1642,0.0007681835424174052
1643,0.0005411426296925444
1644,0.00043473036447074176
1645,0.0005768117269114489
1646,0.0005754222456689431
1647,0.00046236766995952263
1648,0.0007105210099698159
1649,0.0006267039114003741
1650,0.0004303883482349613
1651,0.0003491555910531813
1652,0.006696019134853734
1653,0.005939160819266191
1654,0.0006552220177264974
1655,0.00040838774238384767
1656,0.000500361708203787
1657,0.0003363318105525297
1658,0.00032266547896757933
1659,0.0010021873563431714
1660,0.0015209911499558734
1661,0.0033061639938988326
1662,0.0004475149092122899
1663,0.0006418448360238037
1664,0.0013460392683422083
1665,0.0003196422857811455
1666,0.0003733326109782444
1667,0.0004162390334502633
1668,0.00047923013649154087
1669,0.0025195564903444405
1670,0.0003188175811665743
1671,0.00164973726571675
1672,0.00039475478965383574
1673,0.0004743471934174983
1674,0.0004154765256068488
1675,0.0005487016288309529
1676,0.00043909864999008955
1677,0.0014554527552330316
1678,0.00094811022574608
1679,0.004366013877885394
1680,0.0004856253314956119
1681,0.0005610340038028438
1682,0.0006864168750891932
1683,0.0005853193595920842
1684,0.000784902382888405
1685,0.001411794388026525
1686,0.0006769697206575511
1687,0.0005879152534801657
1688,0.01112307400661776
1689,0.0005569335656420364
1690,0.01318254575826211
1691,0.00035065378718073117
1692,0.007968588778420374
1693,0.0006122711355455801
1694,0.0014399217547398644
1695,0.0016040622835858996
1696,0.0046629071993723225
1697,0.0005186925090873295
1698,0.8474613018393672
1699,0.00046129522613799317
1700,0.00035955144684188977
1701,0.6371127983925271
1702,0.00036716719633222484
1703,0.00034118270327997797
1704,0.0006231167443096199
1705,0.00031171174052448364
1706,0.002729259761931685
1707,0.003946442646189274
1708,0.00033220167445937595
1709,0.0003056793080528102
1710,0.0004975421854522388
1711,0.0004902117113891761
1712,0.0010104760869977714
1713,0.0009848759704321846
1714,0.00222406612989651
1715,0.002585861414239438
1716,0.008528425115730801
1717,0.0007656510867820191
1718,0.0007056835303739765
1719,0.002306345454628624
1720,0.0019196164469230655
1721,0.003416732605296756
1722,0.006678716102453579
1723,0.0019994136282164674
1724,0.00037778898575226323
1725,0.000926488548577068
1726,0.029784741658117644
1727,0.5906188535963309
1728,0.00044731792902650256
1729,0.002816970931684166
1730,0.00028486198879653176
1731,0.0009686873953280853
1732,0.7418995118140251
1733,0.00205826245140517
1734,0.001990503867138713
1735,0.004142817097488843
1736,0.011651470107183506
1737,0.00037181510431867745
1738,0.010342838540058123
1739,0.03451198025620158
1740,0.0022226373960585652
1741,0.002955736049994273
1742,0.005327968205605546
1743,0.003351589889438711
1744,0.003066141827623941
1745,0.0012074995075839416
1746,0.00039222268531592067
1747,0.0007490593633606144
1748,0.0007792539852767152
1749,0.00036535025763630895
1750,0.0004201895418668173
1751,0.017846386219724817
1752,0.00041208986654210655
1753,0.004098276042256637
1754,0.0006546742008521391
1755,0.21667060436547797
1756,0.00203781002024132
1757,0.0005696066837332913
1758,0.0008587598640234035
1759,0.06942095990671789
1760,0.0004690514100834608
1761,0.0013513417614664316
1762,0.00926202794917169
1763,0.0016547173981706644
1764,0.006574720316624472
1765,0.003956233655796432
1766,0.0008522286313864402
1767,0.00038227611972618976
1768,0.0013821338708389355
1769,0.001120161589828972
1770,0.4408429674040801
1771,0.0027165157069580404
1772,0.0004835640001127847
1773,0.0007055204060978033
1774,0.004395999104693785
1775,0.00032319611932587247
1776,0.002936384217614587
1777,0.00496803788416923
1778,0.00036153004790142934
1779,0.0004341039449992163
1780,0.004329403703648906
1781,0.0002917029258687744
1782,0.0024684802660753903
1783,0.001078906188375663
1784,0.0006368624421649195
1785,0.0004801601253592517
1786,0.002786033960605318
1787,0.0032887191348189263
1788,0.0006323093432492685
1789,0.02051285114539117
1790,0.7730236362527794
1791,0.0023230766694368127
1792,0.00038448405077847305
1793,0.004813200605666478
1794,0.33014759424476225
1795,0.012911385117345521
1796,0.00035289418795143016
1797,0.0012218080201850372
1798,0.0005355597145609141
1799,0.003976198676854636
1800,0.004152176690833985
1801,0.9480551462086116
1802,0.0004750021029194134
1803,0.008668704174607056
1804,0.7032256305985755
1805,0.0003936625678346633
1806,0.0019058431082314337
1807,0.0010027777527818597
1808,0.0006441949562518099
1809,0.003976418053580257
1810,0.0026357887055012174
1811,0.025200078328110564
1812,0.46830349286462025
1813,0.00035701735235259323
1814,0.00043527285670993737
1815,0.028719822059876197
1816,0.056502490374520375
1817,0.00039693254313324006
1818,0.1535748010155249
1819,0.000789818088516861
1820,0.0003676539496083849
1821,0.0003057863667482456
1822,0.00037131341290507435
1823,0.13004645407931717
1824,0.0006557372695690651
1825,0.012115578789182976
1826,0.008794130757179735
1827,0.004261217446812433
1828,0.002924947142633362
1829,0.007389481971044035
1830,0.0027728241378220725
1831,0.010961719299275648
1832,0.0006614368029941041
1833,0.0009625558493656063
1834,0.003955242258388381
1835,0.0009107888904641723
1836,0.00045120342361472767
1837,0.0007553636346031803
1838,0.009656943802614773
1839,0.9349316820157888
1840,0.0012941496093848172
1841,0.00034807186891037977
1842,0.0018799660858073411
1843,0.0017750880772310683
1844,0.0033847876934934872
1845,0.0007471062690431711
1846,0.00027568905537528305
1847,0.00047040240126624405
1848,0.001530970975445117
1849,0.0008885166723973066
1850,0.00031940668253788244
1851,0.0009157901696579478
1852,0.00037231160313458677
1853,0.22103821553105363
1854,0.06222797193571256
1855,0.0002930441903466849
1856,0.0003702175159529628
1857,0.0005140946186012915
1858,0.8657555584951484
1859,0.0075698585675522175
1860,0.0005911946427232859
1861,0.03395762611397318
1862,0.004009306482040454
1863,0.0003339849654114169
1864,0.0012504256184462084
1865,0.00033664106717145307
1866,0.006196642035185877
1867,0.00035435741176089916
1868,0.001331749598842234
1869,0.00036839047584533716
1870,0.0026922674501698475
1871,0.002993760485774197
1872,0.0003612501538892391
1873,0.0005372893358061888
1874,0.002417383986891923
1875,0.2949155514422857
1876,0.17192296289711492
1877,0.0027189421233372838
1878,0.011661129291272327
1879,0.0006823007209391433
